"","Seed","Cost","Gamma","Acc","Sen","Spe","MCC","F1","AUC"
"1",640,16,0.25,1,1,1,1,1,1
"2",950,16,0.0625,1,1,1,1,1,1
"3",880,4,1,0.971830985915493,0.777777777777778,1,0.868027777333319,0.875,0.888888888888889
